<?xml version="1.0" encoding="UTF-8"?>
<beans xmlns="http://www.springframework.org/schema/beans"
	xmlns:xsi="http://www.w3.org/2001/XMLSchema-instance" xmlns:context="http://www.springframework.org/schema/context"
	xmlns:util="http://www.springframework.org/schema/util" xmlns:mvc="http://www.springframework.org/schema/mvc"
	xsi:schemaLocation="http://www.springframework.org/schema/mvc http://www.springframework.org/schema/mvc/spring-mvc-3.2.xsd
  http://www.springframework.org/schema/beans http://www.springframework.org/schema/beans/spring-beans.xsd
  http://www.springframework.org/schema/util http://www.springframework.org/schema/util/spring-util-3.2.xsd
  http://www.springframework.org/schema/context http://www.springframework.org/schema/context/spring-context-3.2.xsd">

	<context:component-scan base-package="com.intelizign.hire.controller" />
	<mvc:annotation-driven />
    <context:property-placeholder location="classpath:db.properties" />
     
     <bean id="dbProperties"
          class="org.springframework.beans.factory.config.PropertyPlaceholderConfigurer">
          <property name="location" value="classpath:db.properties" />
    </bean>
    
	<bean id="dataSource"
		class="org.springframework.jdbc.datasource.DriverManagerDataSource">
		<property name="driverClassName" value="${db.host.driverclass}" />
		<property name="url" value="${db.host.url}"/>
		<property name="username" value="${db.user}"/>
		<property name="password" value="${db.password}" />
	</bean>

	<bean id="sessionFactory"
		class="org.springframework.orm.hibernate4.LocalSessionFactoryBean">
		<property name="dataSource" ref="dataSource" />
		<property name="annotatedClasses">
			<list>
				<value>com.intelizign.hire.model.Admin</value>
				<value>com.intelizign.hire.model.AdminAuthentication</value>
				<value>com.intelizign.hire.model.Employee</value>
				<value>com.intelizign.hire.model.EmployeeBankInfo</value>
				<value>com.intelizign.hire.model.EmployeePersonalInfo</value>
				<value>com.intelizign.hire.model.EmployeesAuthentication</value>
				<value>com.intelizign.hire.model.Candidate</value>
				<value>com.intelizign.hire.model.CandidateCV</value>
				<value>com.intelizign.hire.model.Jobs</value>
				
			</list>
		</property>
		<property name="hibernateProperties">
			<props>
				<prop key="hibernate.dialect">org.hibernate.dialect.MySQL5Dialect</prop>
				<prop key="hibernate.show_sql">${hibernate.show_sql}</prop>
				<prop key="hibernate.hbm2ddl.auto">${hibernate.hbm2ddl.auto}</prop>  
			</props>
		</property>
	</bean>

	<bean id="txManager"
		class="org.springframework.orm.hibernate4.HibernateTransactionManager">
		<property name="sessionFactory" ref="sessionFactory" />
	</bean>

	<bean id="persistenceExceptionTranslationPostProcessor"
		class="org.springframework.dao.annotation.PersistenceExceptionTranslationPostProcessor" />
 
    <bean id="multipartResolver"
	    class="org.springframework.web.multipart.commons.CommonsMultipartResolver">
    </bean>
    
   
	<bean id="adminDao" class="com.intelizign.hire.dao.AdminDaoImpl"></bean>
	<bean id="adminServices" class="com.intelizign.hire.services.AdminServicesImpl"></bean>
	<bean id="empAuthDao" class="com.intelizign.hire.dao.EmployeesAuthDaoImpl"></bean>
	<bean id="empAuthServices" class="com.intelizign.hire.services.EmployeesAuthServicesImpl"></bean>
	
	<bean id="authServices" class="com.intelizign.hire.util.AuthorizationTokenGeneratorImpl"></bean>
	<bean id="emailServices" class="com.intelizign.hire.util.EmailNotificationServiceImpl"></bean>
	 
 </beans>